,accuracy,precision,recall,f1,roc_auc,cv_roc_auc_mean,cv_roc_auc_std
LogisticRegression,0.9016393442622951,0.8666666666666667,0.9285714285714286,0.896551724137931,0.9718614718614719,0.900554035336644,0.021654127950069248
RandomForest,0.8852459016393442,0.8387096774193549,0.9285714285714286,0.8813559322033898,0.9523809523809524,0.8864210668558494,0.030729033285353164
XGBoost,0.9016393442622951,0.8666666666666667,0.9285714285714286,0.896551724137931,0.9404761904761905,,
